{
  "i18n/i18n.properties": 1616572958795,
  "manifest.json": 1617262525202,
  "ext/controller/ObjectPageExtension.controller.js": 1617357614952,
  "utils/locate-reuse-libs.js": 1616572958816,
  "model/formatter.js": 1616587212998,
  "libs/html2pdf.js": 1617357836626,
  "Component.js": 1617083309604,
  "manifest-bundle.zip": 1617357844339,
  "Component-preload.js": 1617357847260,
  "ext/controller/ObjectPageExtension-dbg.controller.js": 1617357614952,
  "utils/locate-reuse-libs-dbg.js": 1616572958816,
  "model/formatter-dbg.js": 1616587212998,
  "libs/html2pdf-dbg.js": 1617357836626,
  "Component-dbg.js": 1617083309604,
  "libs/pdfformat.html": 1617357302821,
  "libs/logo.jpg": 1617340842004,
  "annotations/annotation.xml": 1616572958791,
  "index.html": 1616572958784
}