{
  "i18n/i18n.properties": 1616572958795,
  "model/formatter.js": 1616587212998,
  "ext/controller/ObjectPageExtension.controller.js": 1617095656582,
  "manifest.json": 1617085060600,
  "libs/pdfmake.js": 1616140859013,
  "utils/locate-reuse-libs.js": 1616572958816,
  "Component.js": 1617083309604,
  "manifest-bundle.zip": 1617096558839,
  "Component-preload.js": 1617096561623,
  "ext/controller/ObjectPageExtension-dbg.controller.js": 1617095656582,
  "utils/locate-reuse-libs-dbg.js": 1616572958816,
  "model/formatter-dbg.js": 1616587212998,
  "libs/pdfmake-dbg.js": 1616140859013,
  "Component-dbg.js": 1617083309604,
  "libs/pdfformat.html": 1616916899222,
  "libs/logo.jpg": 1616738756764,
  "annotations/annotation.xml": 1616572958791,
  "index.html": 1616572958784
}